,date,weekday,covid,variable,value
0,2020-01-01,1,before,rg_stratum1,10.620065087148138
1,2020-01-02,1,before,rg_stratum1,11.486919201346508
2,2020-01-03,1,before,rg_stratum1,11.35089288555685
3,2020-01-04,0,before,rg_stratum1,11.115683056958346
4,2020-01-05,0,before,rg_stratum1,10.335180901647504
5,2020-01-06,1,before,rg_stratum1,10.874845140905938
6,2020-01-07,1,before,rg_stratum1,11.512517610082982
7,2020-01-08,1,before,rg_stratum1,11.609399292100523
8,2020-01-09,1,before,rg_stratum1,11.58451258881909
9,2020-01-10,1,before,rg_stratum1,11.586945100896735
10,2020-01-11,0,before,rg_stratum1,11.272616718902468
11,2020-01-12,0,before,rg_stratum1,10.450955575652772
12,2020-01-13,1,before,rg_stratum1,11.603959289191408
13,2020-01-14,1,before,rg_stratum1,11.639329703404218
14,2020-01-15,1,before,rg_stratum1,11.672679889842403
15,2020-01-16,1,before,rg_stratum1,11.664164232319717
16,2020-01-17,1,before,rg_stratum1,11.655902253204829
17,2020-01-18,0,before,rg_stratum1,11.22096249020761
18,2020-01-19,0,before,rg_stratum1,10.407138306206921
19,2020-01-20,1,before,rg_stratum1,11.5788233628016
20,2020-01-21,1,before,rg_stratum1,10.971399577111772
21,2020-01-22,1,before,rg_stratum1,11.645342180525603
22,2020-01-23,1,before,rg_stratum1,11.648283384829524
23,2020-01-24,1,before,rg_stratum1,11.56023257655714
24,2020-01-25,0,before,rg_stratum1,11.278777036832766
25,2020-01-26,0,before,rg_stratum1,10.427730746853069
26,2020-01-27,1,before,rg_stratum1,11.535702007515642
27,2020-01-28,1,before,rg_stratum1,11.541273979131873
28,2020-01-29,1,before,rg_stratum1,11.590713989255157
29,2020-01-30,1,before,rg_stratum1,11.56427700869571
30,2020-01-31,1,before,rg_stratum1,11.562684522976925
31,2020-02-01,0,before,rg_stratum1,11.137066465487601
32,2020-02-02,0,before,rg_stratum1,10.271679611405212
33,2020-02-03,1,before,rg_stratum1,11.355200417876974
34,2020-02-04,1,before,rg_stratum1,11.309703652279506
35,2020-02-05,1,before,rg_stratum1,11.360405706705375
36,2020-02-06,1,before,rg_stratum1,11.382829501964537
37,2020-02-07,1,before,rg_stratum1,11.365458158262355
38,2020-02-08,0,before,rg_stratum1,11.154825418301819
39,2020-02-09,0,before,rg_stratum1,10.281039040776529
40,2020-02-10,1,before,rg_stratum1,11.428889173723181
41,2020-02-11,1,before,rg_stratum1,11.427456229413838
42,2020-02-12,1,before,rg_stratum1,11.418638899922797
43,2020-02-13,1,before,rg_stratum1,11.457733166812968
44,2020-02-14,1,before,rg_stratum1,11.422116668478408
45,2020-02-15,0,before,rg_stratum1,11.146688545546919
46,2020-02-16,0,before,rg_stratum1,10.345178771506765
47,2020-02-17,1,before,rg_stratum1,11.420954339653836
48,2020-02-18,1,before,rg_stratum1,11.42885840765025
49,2020-02-19,1,before,rg_stratum1,11.159337198381873
50,2020-02-20,1,before,rg_stratum1,11.354001190755447
51,2020-02-21,1,before,rg_stratum1,11.349472485487247
52,2020-02-22,0,before,rg_stratum1,11.153025462969337
53,2020-02-23,0,before,rg_stratum1,10.435429962246442
54,2020-02-24,1,before,rg_stratum1,11.297817111760995
55,2020-02-25,1,before,rg_stratum1,11.41023560955651
56,2020-02-26,1,before,rg_stratum1,11.320936957434515
57,2020-02-27,1,before,rg_stratum1,11.336171530294614
58,2020-02-28,1,before,rg_stratum1,11.301440754446332
59,2020-02-29,0,before,rg_stratum1,11.018627429603319
60,2020-03-01,0,before,rg_stratum1,10.383338852357678
61,2020-03-02,1,before,rg_stratum1,11.22434087459709
62,2020-03-03,1,before,rg_stratum1,11.285209105471612
63,2020-03-04,1,before,rg_stratum1,11.275797457320092
64,2020-03-05,1,before,rg_stratum1,11.291623392653436
65,2020-03-06,1,before,rg_stratum1,11.310505534882575
66,2020-03-07,0,before,rg_stratum1,11.0844549578533
67,2020-03-08,0,before,rg_stratum1,10.313052358695188
68,2020-03-11,1,before,rg_stratum1,11.376167988152103
69,2020-03-14,0,before,rg_stratum1,11.110540946028763
70,2020-03-15,0,before,rg_stratum1,10.505029029597416
71,2020-03-16,1,before,rg_stratum1,11.402781156716593
72,2020-03-17,1,before,rg_stratum1,11.376937387633541
73,2020-03-18,1,before,rg_stratum1,11.33404101575607
74,2020-03-19,1,before,rg_stratum1,11.314392386802702
75,2020-03-20,1,before,rg_stratum1,10.961983149104752
76,2020-03-21,0,before,rg_stratum1,10.37770348427978
77,2020-03-22,0,before,rg_stratum1,10.43901748251268
78,2020-03-23,1,before,rg_stratum1,10.503140402412198
79,2020-03-24,1,after,rg_stratum1,10.552925144962215
80,2020-03-25,1,after,rg_stratum1,10.758348257092907
81,2020-03-26,1,after,rg_stratum1,10.639196438006316
82,2020-03-27,1,after,rg_stratum1,10.595867290100905
83,2020-03-28,0,after,rg_stratum1,10.588139534690617
84,2020-03-29,0,after,rg_stratum1,10.381617986448529
85,2020-03-30,1,after,rg_stratum1,10.590139125714572
86,2020-03-31,1,after,rg_stratum1,10.510117618284088
87,2020-04-01,1,after,rg_stratum1,10.252736611836596
88,2020-04-02,1,after,rg_stratum1,10.2969446168722
89,2020-04-03,1,after,rg_stratum1,10.453464199623525
90,2020-04-04,0,after,rg_stratum1,10.364692694641118
91,2020-04-05,0,after,rg_stratum1,9.994213049447746
92,2020-04-06,1,after,rg_stratum1,10.434284742938203
93,2020-04-07,1,after,rg_stratum1,10.501653351371711
94,2020-04-08,1,after,rg_stratum1,10.538242603122283
95,2020-04-09,1,after,rg_stratum1,10.285379054602242
96,2020-04-11,0,after,rg_stratum1,10.915372529196993
97,2020-04-12,0,after,rg_stratum1,10.52082972849581
98,2020-04-13,1,after,rg_stratum1,10.836623286631125
99,2020-04-14,1,after,rg_stratum1,10.706653500181135
100,2020-04-15,1,after,rg_stratum1,10.61014382063806
101,2020-04-16,1,after,rg_stratum1,10.314361018701446
102,2020-04-17,1,after,rg_stratum1,10.313828770261782
103,2020-04-18,0,after,rg_stratum1,10.539861098955303
104,2020-04-19,0,after,rg_stratum1,10.227507058812575
105,2020-04-20,1,after,rg_stratum1,10.588896709635344
106,2020-04-21,1,after,rg_stratum1,10.780821354441604
107,2020-04-22,1,after,rg_stratum1,10.749285709936368
108,2020-04-23,1,after,rg_stratum1,10.687744890922518
109,2020-04-24,1,after,rg_stratum1,10.79323853465828
110,2020-04-25,0,after,rg_stratum1,10.70903985630653
111,2020-04-26,0,after,rg_stratum1,10.352909867932492
112,2020-04-28,1,after,rg_stratum1,10.5732942796362
113,2020-04-29,1,after,rg_stratum1,10.898800145113247
114,2020-04-30,1,after,rg_stratum1,10.78710680350181
115,2020-05-02,0,after,rg_stratum1,10.701600038668719
116,2020-05-03,0,after,rg_stratum1,10.31073130258626
117,2020-05-04,1,after,rg_stratum1,10.850667315238248
118,2020-05-05,1,after,rg_stratum1,10.86887185480137
119,2020-05-06,1,after,rg_stratum1,10.917496255221288
120,2020-05-07,1,after,rg_stratum1,11.009850503029716
121,2020-05-08,1,after,rg_stratum1,11.00509285058117
122,2020-05-09,0,after,rg_stratum1,10.928841800895125
123,2020-05-10,0,after,rg_stratum1,10.452200477587473
124,2020-05-11,1,after,rg_stratum1,10.995885242922698
125,2020-05-12,1,after,rg_stratum1,11.055814701018985
126,2020-05-13,1,after,rg_stratum1,11.042511678274835
127,2020-05-14,1,after,rg_stratum1,11.252972262787884
128,2020-05-15,1,after,rg_stratum1,11.16906156847196
129,2020-05-16,0,after,rg_stratum1,10.915660275143276
130,2020-05-17,0,after,rg_stratum1,10.262197473468984
131,2020-05-18,1,after,rg_stratum1,11.027535245248762
132,2020-05-19,1,after,rg_stratum1,11.107398653965367
133,2020-05-20,1,after,rg_stratum1,11.170269562835465
134,2020-05-21,1,after,rg_stratum1,11.173033819737547
135,2020-05-22,1,after,rg_stratum1,11.219069507778425
136,2020-05-23,0,after,rg_stratum1,11.011387393455363
137,2020-05-24,0,after,rg_stratum1,10.423953334618666
138,2020-05-26,1,after,rg_stratum1,11.187554764865581
139,2020-05-27,1,after,rg_stratum1,11.291161891726846
140,2020-05-28,1,after,rg_stratum1,11.1537015808557
141,2020-05-29,1,after,rg_stratum1,11.231726640647489
142,2020-05-30,0,after,rg_stratum1,11.02196747156912
143,2020-05-31,0,after,rg_stratum1,10.34725029579842
144,2020-06-01,1,after,rg_stratum1,11.255469510295237
145,2020-06-04,1,after,rg_stratum1,11.295706226589564
146,2020-06-05,1,after,rg_stratum1,11.351086707265985
147,2020-06-08,1,after,rg_stratum1,11.301647648813475
148,2020-06-09,1,after,rg_stratum1,11.34719928930809
149,2020-06-10,1,after,rg_stratum1,11.415667066459134
150,2020-06-11,1,after,rg_stratum1,11.37565030225922
151,2020-06-12,1,after,rg_stratum1,11.243704030403697
152,2020-06-13,0,after,rg_stratum1,11.086990813039607
153,2020-06-14,0,after,rg_stratum1,10.344675174283994
154,2020-06-16,1,after,rg_stratum1,11.36603349614018
155,2020-06-17,1,after,rg_stratum1,11.291800767612509
156,2020-06-18,1,after,rg_stratum1,11.351898821292677
157,2020-06-19,1,after,rg_stratum1,11.307187132788986
158,2020-06-20,0,after,rg_stratum1,11.093394265748275
159,2020-06-21,0,after,rg_stratum1,10.339465290028235
160,2020-06-23,1,after,rg_stratum1,11.39178419913809
161,2020-06-24,1,after,rg_stratum1,11.353143086109828
162,2020-06-25,1,after,rg_stratum1,11.347129278445403
163,2020-06-26,1,after,rg_stratum1,11.37243402368964
164,2020-06-27,0,after,rg_stratum1,11.087764178000512
165,2020-06-28,0,after,rg_stratum1,10.296634304517157
166,2020-06-30,1,after,rg_stratum1,11.28915582261655
167,2020-07-01,1,after,rg_stratum1,11.2297841427813
168,2020-07-02,1,after,rg_stratum1,11.276750718748048
169,2020-07-03,1,after,rg_stratum1,11.348413702226829
170,2020-07-04,0,after,rg_stratum1,11.025698769082794
171,2020-07-05,0,after,rg_stratum1,10.230575925021599
172,2020-07-06,1,after,rg_stratum1,11.225119293278665
173,2020-07-07,1,after,rg_stratum1,11.232469570671746
174,2020-07-08,1,after,rg_stratum1,11.320020300240834
175,2020-07-09,1,after,rg_stratum1,11.36043680573934
176,2020-07-10,1,after,rg_stratum1,11.360686213272484
177,2020-07-11,0,after,rg_stratum1,10.90198258150046
178,2020-07-12,0,after,rg_stratum1,10.229919492674627
179,2020-07-13,1,after,rg_stratum1,11.516181257519694
180,2020-07-14,1,after,rg_stratum1,11.517291078451725
181,2020-07-15,1,after,rg_stratum1,11.523614298322435
182,2020-07-16,1,after,rg_stratum1,11.425836150526662
183,2020-07-17,1,after,rg_stratum1,11.458071790572589
184,2020-07-18,0,after,rg_stratum1,11.382995375483002
185,2020-07-19,0,after,rg_stratum1,10.82370723900502
186,2020-07-21,1,after,rg_stratum1,11.415344883578321
187,2020-07-22,1,after,rg_stratum1,11.32664058059114
188,2020-07-23,1,after,rg_stratum1,11.541459217590848
189,2020-07-24,1,after,rg_stratum1,11.63784798890951
190,2020-07-25,0,after,rg_stratum1,11.520192012143905
191,2020-07-26,0,after,rg_stratum1,10.680572088631987
192,2020-07-27,1,after,rg_stratum1,11.405614403937685
193,2020-07-28,1,after,rg_stratum1,11.431180308086825
194,2020-07-29,1,after,rg_stratum1,11.490421425068625
195,2020-07-30,1,after,rg_stratum1,11.43821010919861
196,2020-07-31,1,after,rg_stratum1,11.282159368744104
197,2020-08-01,0,after,rg_stratum1,10.819634978490432
198,2020-08-02,0,after,rg_stratum1,10.014929241870677
199,2020-08-03,1,after,rg_stratum1,11.0601484599579
200,2020-08-04,1,after,rg_stratum1,11.044649942842913
201,2020-08-05,1,after,rg_stratum1,11.11325032285104
202,2020-08-06,1,after,rg_stratum1,11.129663421502856
203,2020-08-08,0,after,rg_stratum1,10.766332568276033
204,2020-08-09,0,after,rg_stratum1,10.267488329434054
205,2020-08-10,1,after,rg_stratum1,11.065456900996194
206,2020-08-11,1,after,rg_stratum1,11.024941877679101
207,2020-08-12,1,after,rg_stratum1,11.038392940063543
208,2020-08-13,1,after,rg_stratum1,10.891974511365968
209,2020-08-14,1,after,rg_stratum1,11.04970228034196
210,2020-08-15,0,after,rg_stratum1,10.889920315585817
211,2020-08-16,0,after,rg_stratum1,10.289815582501937
212,2020-08-18,1,after,rg_stratum1,11.249093680237001
213,2020-08-19,1,after,rg_stratum1,11.336648360601437
214,2020-08-20,1,after,rg_stratum1,11.3286446281949
215,2020-08-21,1,after,rg_stratum1,11.349025212316189
216,2020-08-22,0,after,rg_stratum1,11.089143743167291
217,2020-08-23,0,after,rg_stratum1,10.342785280459905
218,2020-08-24,1,after,rg_stratum1,11.080133351571794
219,2020-08-25,1,after,rg_stratum1,11.292808868882231
220,2020-08-26,1,after,rg_stratum1,11.335605026606821
221,2020-08-27,1,after,rg_stratum1,11.246964487284282
222,2020-08-28,1,after,rg_stratum1,11.36735318701212
223,2020-08-29,0,after,rg_stratum1,11.001721570898082
224,2020-08-30,0,after,rg_stratum1,10.275745492636863
225,2020-08-31,1,after,rg_stratum1,11.321418975684187
226,2020-09-01,1,after,rg_stratum1,11.327104227402328
227,2020-09-02,1,after,rg_stratum1,11.248232363740007
228,2020-09-03,1,after,rg_stratum1,11.247945341189089
229,2020-09-04,1,after,rg_stratum1,11.317264617849222
230,2020-09-05,0,after,rg_stratum1,10.920820350395962
231,2020-09-06,0,after,rg_stratum1,10.205764006038482
232,2020-09-07,1,after,rg_stratum1,11.318970675780914
233,2020-09-08,1,after,rg_stratum1,11.331058454691098
234,2020-09-09,1,after,rg_stratum1,11.262900473254014
235,2020-09-10,1,after,rg_stratum1,10.963817429955274
236,2020-09-11,1,after,rg_stratum1,11.215866723203249
237,2020-09-12,0,after,rg_stratum1,10.724734358285527
238,2020-09-13,0,after,rg_stratum1,10.23508256888707
239,2020-09-14,1,after,rg_stratum1,11.139773348071252
240,2020-09-15,1,after,rg_stratum1,11.286769838885403
241,2020-09-16,1,after,rg_stratum1,11.158587147616089
242,2020-09-17,1,after,rg_stratum1,11.155571390935828
243,2020-09-18,1,after,rg_stratum1,11.185625068713385
244,2020-09-19,0,after,rg_stratum1,10.810650217209549
245,2020-09-20,0,after,rg_stratum1,10.198714466812845
246,2020-09-21,1,after,rg_stratum1,10.980437590218525
247,2020-09-22,1,after,rg_stratum1,11.241106007262394
248,2020-09-23,1,after,rg_stratum1,11.111084458715467
249,2020-09-24,1,after,rg_stratum1,11.150323058848011
250,2020-09-25,1,after,rg_stratum1,11.19135567096547
251,2020-09-26,0,after,rg_stratum1,10.826689119073084
252,2020-09-27,0,after,rg_stratum1,10.242489976020185
253,2020-09-28,1,after,rg_stratum1,11.0856713813783
254,2020-09-29,1,after,rg_stratum1,11.110101540277874
255,2020-09-30,1,after,rg_stratum1,11.163362684028032
256,2020-10-01,1,after,rg_stratum1,11.068424200768705
257,2020-10-02,1,after,rg_stratum1,11.075836929947844
258,2020-10-03,0,after,rg_stratum1,10.704810082003345
259,2020-10-04,0,after,rg_stratum1,10.151297052702116
260,2020-10-05,1,after,rg_stratum1,11.124422438709136
261,2020-10-06,1,after,rg_stratum1,11.126003402615115
262,2020-10-07,1,after,rg_stratum1,11.084105654656351
263,2020-10-08,1,after,rg_stratum1,11.078450528812603
264,2020-10-09,1,after,rg_stratum1,11.06675655697766
265,2020-10-10,0,after,rg_stratum1,10.679779241620814
266,2020-10-11,0,after,rg_stratum1,10.141818701248255
267,2020-01-01,1,before,rg_stratum2,10.574734261985805
268,2020-01-02,1,before,rg_stratum2,10.474948363263195
269,2020-01-03,1,before,rg_stratum2,10.371672723323238
270,2020-01-04,0,before,rg_stratum2,10.234711406537274
271,2020-01-05,0,before,rg_stratum2,10.015195176063697
272,2020-01-06,1,before,rg_stratum2,10.465640380741178
273,2020-01-07,1,before,rg_stratum2,10.502322680016373
274,2020-01-08,1,before,rg_stratum2,10.513983682212542
275,2020-01-09,1,before,rg_stratum2,10.517485104264006
276,2020-01-10,1,before,rg_stratum2,10.4846017967522
277,2020-01-11,0,before,rg_stratum2,10.285353778386252
278,2020-01-12,0,before,rg_stratum2,10.114879633820102
279,2020-01-13,1,before,rg_stratum2,10.53503305504823
280,2020-01-14,1,before,rg_stratum2,10.56221856714758
281,2020-01-15,1,before,rg_stratum2,10.541455531552224
282,2020-01-16,1,before,rg_stratum2,10.46627696549493
283,2020-01-17,1,before,rg_stratum2,10.526366585489297
284,2020-01-18,0,before,rg_stratum2,10.268463645270009
285,2020-01-19,0,before,rg_stratum2,10.074104228727936
286,2020-01-20,1,before,rg_stratum2,10.514422822159581
287,2020-01-21,1,before,rg_stratum2,10.004422924583654
288,2020-01-22,1,before,rg_stratum2,10.58367320428963
289,2020-01-23,1,before,rg_stratum2,10.567903550431089
290,2020-01-24,1,before,rg_stratum2,10.504809193261215
291,2020-01-25,0,before,rg_stratum2,10.267795215304039
292,2020-01-26,0,before,rg_stratum2,10.071108885860976
293,2020-01-27,1,before,rg_stratum2,10.504560418600146
294,2020-01-28,1,before,rg_stratum2,10.519157115424415
295,2020-01-29,1,before,rg_stratum2,10.55554000733032
296,2020-01-30,1,before,rg_stratum2,10.533324519722374
297,2020-01-31,1,before,rg_stratum2,10.476997132661307
298,2020-02-01,0,before,rg_stratum2,10.157786083559127
299,2020-02-02,0,before,rg_stratum2,10.039016299593413
300,2020-02-03,1,before,rg_stratum2,10.398881621048066
301,2020-02-04,1,before,rg_stratum2,10.31695912905143
302,2020-02-05,1,before,rg_stratum2,10.435208691202538
303,2020-02-06,1,before,rg_stratum2,10.4694177210422
304,2020-02-07,1,before,rg_stratum2,10.433873499362404
305,2020-02-08,0,before,rg_stratum2,10.222221390338966
306,2020-02-09,0,before,rg_stratum2,10.051149528320988
307,2020-02-10,1,before,rg_stratum2,10.46003673918712
308,2020-02-11,1,before,rg_stratum2,10.465265842458566
309,2020-02-12,1,before,rg_stratum2,10.447503859761312
310,2020-02-13,1,before,rg_stratum2,10.439715421602791
311,2020-02-14,1,before,rg_stratum2,10.435040977940181
312,2020-02-15,0,before,rg_stratum2,10.205277936345627
313,2020-02-16,0,before,rg_stratum2,10.067361639099099
314,2020-02-17,1,before,rg_stratum2,10.47199146710761
315,2020-02-18,1,before,rg_stratum2,10.460464767356875
316,2020-02-19,1,before,rg_stratum2,10.374858515602146
317,2020-02-20,1,before,rg_stratum2,10.433544343602497
318,2020-02-21,1,before,rg_stratum2,10.366704596483864
319,2020-02-22,0,before,rg_stratum2,10.223755542988537
320,2020-02-23,0,before,rg_stratum2,10.179268625370014
321,2020-02-24,1,before,rg_stratum2,10.337258084262368
322,2020-02-25,1,before,rg_stratum2,10.44639928336502
323,2020-02-26,1,before,rg_stratum2,10.361492791317803
324,2020-02-27,1,before,rg_stratum2,10.411071299325107
325,2020-02-28,1,before,rg_stratum2,10.324732508278965
326,2020-02-29,0,before,rg_stratum2,10.138798266695272
327,2020-03-01,0,before,rg_stratum2,10.067822920046588
328,2020-03-02,1,before,rg_stratum2,10.319064073265011
329,2020-03-03,1,before,rg_stratum2,10.347833400442195
330,2020-03-04,1,before,rg_stratum2,10.338110682035973
331,2020-03-05,1,before,rg_stratum2,10.348383108484992
332,2020-03-06,1,before,rg_stratum2,10.277856073966538
333,2020-03-07,0,before,rg_stratum2,10.18320928455469
334,2020-03-08,0,before,rg_stratum2,10.055527409068445
335,2020-03-11,1,before,rg_stratum2,10.34885275154876
336,2020-03-14,0,before,rg_stratum2,10.211158170628906
337,2020-03-15,0,before,rg_stratum2,10.111164737052576
338,2020-03-16,1,before,rg_stratum2,10.42303995515442
339,2020-03-17,1,before,rg_stratum2,10.413821997266146
340,2020-03-18,1,before,rg_stratum2,10.382573194681608
341,2020-03-19,1,before,rg_stratum2,10.305880171893307
342,2020-03-20,1,before,rg_stratum2,9.923998195592006
343,2020-03-21,0,before,rg_stratum2,9.622839329514605
344,2020-03-22,0,before,rg_stratum2,9.566646242414144
345,2020-03-23,1,before,rg_stratum2,9.778237151485135
346,2020-03-24,1,after,rg_stratum2,9.62211058898969
347,2020-03-25,1,after,rg_stratum2,9.781035463876789
348,2020-03-26,1,after,rg_stratum2,9.740409763089268
349,2020-03-27,1,after,rg_stratum2,9.714737926401586
350,2020-03-28,0,after,rg_stratum2,9.682197256828182
351,2020-03-29,0,after,rg_stratum2,9.71064548282258
352,2020-03-30,1,after,rg_stratum2,9.68157577215462
353,2020-03-31,1,after,rg_stratum2,9.673840945102352
354,2020-04-01,1,after,rg_stratum2,9.519640929920676
355,2020-04-02,1,after,rg_stratum2,9.563717036737943
356,2020-04-03,1,after,rg_stratum2,9.634090599841047
357,2020-04-04,0,after,rg_stratum2,9.70298358754812
358,2020-04-05,0,after,rg_stratum2,9.556045164250747
359,2020-04-06,1,after,rg_stratum2,9.708027046631493
360,2020-04-07,1,after,rg_stratum2,9.680741982628835
361,2020-04-08,1,after,rg_stratum2,9.725886706680445
362,2020-04-09,1,after,rg_stratum2,9.67327244155539
363,2020-04-11,0,after,rg_stratum2,10.017805687857821
364,2020-04-12,0,after,rg_stratum2,9.914186976941485
365,2020-04-13,1,after,rg_stratum2,9.91216247395893
366,2020-04-14,1,after,rg_stratum2,9.873495338866135
367,2020-04-15,1,after,rg_stratum2,9.88717077016218
368,2020-04-16,1,after,rg_stratum2,9.832847957437751
369,2020-04-17,1,after,rg_stratum2,9.845561379106746
370,2020-04-18,0,after,rg_stratum2,9.922443119047534
371,2020-04-19,0,after,rg_stratum2,9.847295668515997
372,2020-04-20,1,after,rg_stratum2,9.903639162032709
373,2020-04-21,1,after,rg_stratum2,9.959124920396443
374,2020-04-22,1,after,rg_stratum2,9.98556891319897
375,2020-04-23,1,after,rg_stratum2,10.009830940626303
376,2020-04-24,1,after,rg_stratum2,10.023000234516154
377,2020-04-25,0,after,rg_stratum2,10.020471576922988
378,2020-04-26,0,after,rg_stratum2,9.906977822389821
379,2020-04-28,1,after,rg_stratum2,9.931542970064879
380,2020-04-29,1,after,rg_stratum2,10.092588697362416
381,2020-04-30,1,after,rg_stratum2,10.066318371657868
382,2020-05-02,0,after,rg_stratum2,10.073353270110255
383,2020-05-03,0,after,rg_stratum2,9.955334293343878
384,2020-05-04,1,after,rg_stratum2,10.092686288708004
385,2020-05-05,1,after,rg_stratum2,10.13982350802726
386,2020-05-06,1,after,rg_stratum2,10.205283677129065
387,2020-05-07,1,after,rg_stratum2,10.188846959703108
388,2020-05-08,1,after,rg_stratum2,10.252010825277146
389,2020-05-09,0,after,rg_stratum2,10.219803313173992
390,2020-05-10,0,after,rg_stratum2,10.098337367433363
391,2020-05-11,1,after,rg_stratum2,10.283948406494329
392,2020-05-12,1,after,rg_stratum2,10.3337238546789
393,2020-05-13,1,after,rg_stratum2,10.30452661227045
394,2020-05-14,1,after,rg_stratum2,10.420078044797892
395,2020-05-15,1,after,rg_stratum2,10.39050708063039
396,2020-05-16,0,after,rg_stratum2,10.257406879440987
397,2020-05-17,0,after,rg_stratum2,9.972692726993152
398,2020-05-18,1,after,rg_stratum2,10.316221722278053
399,2020-05-19,1,after,rg_stratum2,10.361681681700059
400,2020-05-20,1,after,rg_stratum2,10.386206640353626
401,2020-05-21,1,after,rg_stratum2,10.404340851245019
402,2020-05-22,1,after,rg_stratum2,10.40596202656503
403,2020-05-23,0,after,rg_stratum2,10.297477447514376
404,2020-05-24,0,after,rg_stratum2,10.107643625999147
405,2020-05-26,1,after,rg_stratum2,10.355445534920507
406,2020-05-27,1,after,rg_stratum2,10.422100594445055
407,2020-05-28,1,after,rg_stratum2,10.37338176274901
408,2020-05-29,1,after,rg_stratum2,10.382458502724878
409,2020-05-30,0,after,rg_stratum2,10.265594104471003
410,2020-05-31,0,after,rg_stratum2,10.007134895675705
411,2020-06-01,1,after,rg_stratum2,10.35783809800309
412,2020-06-04,1,after,rg_stratum2,10.381590683975412
413,2020-06-05,1,after,rg_stratum2,10.448840051696113
414,2020-06-08,1,after,rg_stratum2,10.408077876604967
415,2020-06-09,1,after,rg_stratum2,10.451759454136646
416,2020-06-10,1,after,rg_stratum2,10.476563166446738
417,2020-06-11,1,after,rg_stratum2,10.469692017151528
418,2020-06-12,1,after,rg_stratum2,10.454723522404864
419,2020-06-13,0,after,rg_stratum2,10.265816455325318
420,2020-06-14,0,after,rg_stratum2,10.029843125576873
421,2020-06-16,1,after,rg_stratum2,10.46619189324844
422,2020-06-17,1,after,rg_stratum2,10.415924433618313
423,2020-06-18,1,after,rg_stratum2,10.453670237234558
424,2020-06-19,1,after,rg_stratum2,10.405056629638686
425,2020-06-20,0,after,rg_stratum2,10.277613427145617
426,2020-06-21,0,after,rg_stratum2,9.96020859109209
427,2020-06-23,1,after,rg_stratum2,10.432303585585544
428,2020-06-24,1,after,rg_stratum2,10.441637866277185
429,2020-06-25,1,after,rg_stratum2,10.460280739338804
430,2020-06-26,1,after,rg_stratum2,10.463162021483202
431,2020-06-27,0,after,rg_stratum2,10.234094207891738
432,2020-06-28,0,after,rg_stratum2,9.988369677016033
433,2020-06-30,1,after,rg_stratum2,10.247067414430347
434,2020-07-01,1,after,rg_stratum2,10.213578647355746
435,2020-07-02,1,after,rg_stratum2,10.194077851198267
436,2020-07-03,1,after,rg_stratum2,10.22960266458711
437,2020-07-04,0,after,rg_stratum2,10.018549781590336
438,2020-07-05,0,after,rg_stratum2,9.84709015988055
439,2020-07-06,1,after,rg_stratum2,10.216607909455268
440,2020-07-07,1,after,rg_stratum2,10.299783111588102
441,2020-07-08,1,after,rg_stratum2,10.419373564082344
442,2020-07-09,1,after,rg_stratum2,10.416971338800034
443,2020-07-10,1,after,rg_stratum2,10.407264037907906
444,2020-07-11,0,after,rg_stratum2,10.199141124523699
445,2020-07-12,0,after,rg_stratum2,9.952213794880347
446,2020-07-13,1,after,rg_stratum2,10.594511791435346
447,2020-07-14,1,after,rg_stratum2,10.597497894558755
448,2020-07-15,1,after,rg_stratum2,10.598318716674644
449,2020-07-16,1,after,rg_stratum2,10.548977458292615
450,2020-07-17,1,after,rg_stratum2,10.53788268255136
451,2020-07-18,0,after,rg_stratum2,10.432118752632656
452,2020-07-19,0,after,rg_stratum2,10.130873787348738
453,2020-07-21,1,after,rg_stratum2,10.5200403459166
454,2020-07-22,1,after,rg_stratum2,10.420736746367249
455,2020-07-23,1,after,rg_stratum2,10.600043542172891
456,2020-07-24,1,after,rg_stratum2,10.633009349029667
457,2020-07-25,0,after,rg_stratum2,10.532258738807283
458,2020-07-26,0,after,rg_stratum2,10.216697505136182
459,2020-07-27,1,after,rg_stratum2,10.495728057956761
460,2020-07-28,1,after,rg_stratum2,10.509226346804265
461,2020-07-29,1,after,rg_stratum2,10.541834810011643
462,2020-07-30,1,after,rg_stratum2,10.44216691832356
463,2020-07-31,1,after,rg_stratum2,10.398744259950027
464,2020-08-01,0,after,rg_stratum2,10.125106471375458
465,2020-08-02,0,after,rg_stratum2,9.85535274200343
466,2020-08-03,1,after,rg_stratum2,10.30623377910383
467,2020-08-04,1,after,rg_stratum2,10.308217145278226
468,2020-08-05,1,after,rg_stratum2,10.353223860019758
469,2020-08-06,1,after,rg_stratum2,10.370508309572587
470,2020-08-08,0,after,rg_stratum2,10.085288196759858
471,2020-08-09,0,after,rg_stratum2,9.940144749824746
472,2020-08-10,1,after,rg_stratum2,10.328208142449459
473,2020-08-11,1,after,rg_stratum2,10.314684449780684
474,2020-08-12,1,after,rg_stratum2,10.330940982926458
475,2020-08-13,1,after,rg_stratum2,10.308243737504089
476,2020-08-14,1,after,rg_stratum2,10.326841711966798
477,2020-08-15,0,after,rg_stratum2,10.155135779049377
478,2020-08-16,0,after,rg_stratum2,9.999576167649453
479,2020-08-18,1,after,rg_stratum2,10.412114263324721
480,2020-08-19,1,after,rg_stratum2,10.433621153843895
481,2020-08-20,1,after,rg_stratum2,10.438968432202019
482,2020-08-21,1,after,rg_stratum2,10.44870735849129
483,2020-08-22,0,after,rg_stratum2,10.270203105522006
484,2020-08-23,0,after,rg_stratum2,10.146417951122327
485,2020-08-24,1,after,rg_stratum2,10.315906708452339
486,2020-08-25,1,after,rg_stratum2,10.428616690550964
487,2020-08-26,1,after,rg_stratum2,10.435600377139364
488,2020-08-27,1,after,rg_stratum2,10.392311802322617
489,2020-08-28,1,after,rg_stratum2,10.453812569732776
490,2020-08-29,0,after,rg_stratum2,10.19426577716609
491,2020-08-30,0,after,rg_stratum2,9.989473261165356
492,2020-08-31,1,after,rg_stratum2,10.425448106441166
493,2020-09-01,1,after,rg_stratum2,10.466441734144109
494,2020-09-02,1,after,rg_stratum2,10.348704019122717
495,2020-09-03,1,after,rg_stratum2,10.362449546179695
496,2020-09-04,1,after,rg_stratum2,10.352384549558604
497,2020-09-05,0,after,rg_stratum2,10.101586864892418
498,2020-09-06,0,after,rg_stratum2,9.974472551867965
499,2020-09-07,1,after,rg_stratum2,10.44575438556207
500,2020-09-08,1,after,rg_stratum2,10.448856316117917
501,2020-09-09,1,after,rg_stratum2,10.325373937786182
502,2020-09-10,1,after,rg_stratum2,9.961490849781866
503,2020-09-11,1,after,rg_stratum2,10.070361694736638
504,2020-09-12,0,after,rg_stratum2,10.084580341683262
505,2020-09-13,0,after,rg_stratum2,9.969265420933993
506,2020-09-14,1,after,rg_stratum2,10.39650124321267
507,2020-09-15,1,after,rg_stratum2,10.430713421622265
508,2020-09-16,1,after,rg_stratum2,10.337608150099184
509,2020-09-17,1,after,rg_stratum2,10.355517806347134
510,2020-09-18,1,after,rg_stratum2,10.309417593984955
511,2020-09-19,0,after,rg_stratum2,10.04784326200097
512,2020-09-20,0,after,rg_stratum2,10.01722502973326
513,2020-09-21,1,after,rg_stratum2,10.342268168313772
514,2020-09-22,1,after,rg_stratum2,10.422890263165925
515,2020-09-23,1,after,rg_stratum2,10.313831777571336
516,2020-09-24,1,after,rg_stratum2,10.355880337692739
517,2020-09-25,1,after,rg_stratum2,10.329529313469259
518,2020-09-26,0,after,rg_stratum2,10.0359329563313
519,2020-09-27,0,after,rg_stratum2,10.03400296882431
520,2020-09-28,1,after,rg_stratum2,10.284538829544553
521,2020-09-29,1,after,rg_stratum2,10.324051972611606
522,2020-09-30,1,after,rg_stratum2,10.315261950421421
523,2020-10-01,1,after,rg_stratum2,10.264564877864096
524,2020-10-02,1,after,rg_stratum2,10.20524700589143
525,2020-10-03,0,after,rg_stratum2,9.957265316178082
526,2020-10-04,0,after,rg_stratum2,9.9695666576383
527,2020-10-05,1,after,rg_stratum2,10.282781110064018
528,2020-10-06,1,after,rg_stratum2,10.274503643690105
529,2020-10-07,1,after,rg_stratum2,10.270351681851082
530,2020-10-08,1,after,rg_stratum2,10.273914045867654
531,2020-10-09,1,after,rg_stratum2,10.256997403800039
532,2020-10-10,0,after,rg_stratum2,9.984049076868288
533,2020-10-11,0,after,rg_stratum2,9.863941581085566
534,2020-01-01,1,before,rg_stratum3,9.594702612483678
535,2020-01-02,1,before,rg_stratum3,8.829447815550372
536,2020-01-03,1,before,rg_stratum3,8.678863838398431
537,2020-01-04,0,before,rg_stratum3,8.581603082256304
538,2020-01-05,0,before,rg_stratum3,8.70616521298031
539,2020-01-06,1,before,rg_stratum3,9.039347376138304
540,2020-01-07,1,before,rg_stratum3,8.808142303446113
541,2020-01-08,1,before,rg_stratum3,8.793429286919732
542,2020-01-09,1,before,rg_stratum3,8.795419619908065
543,2020-01-10,1,before,rg_stratum3,8.761194342365625
544,2020-01-11,0,before,rg_stratum3,8.594345662389658
545,2020-01-12,0,before,rg_stratum3,8.887856646989077
546,2020-01-13,1,before,rg_stratum3,8.842700530207987
547,2020-01-14,1,before,rg_stratum3,8.836754240526524
548,2020-01-15,1,before,rg_stratum3,8.816289654433682
549,2020-01-16,1,before,rg_stratum3,8.752014240970155
550,2020-01-17,1,before,rg_stratum3,8.795436555605479
551,2020-01-18,0,before,rg_stratum3,8.587540594411294
552,2020-01-19,0,before,rg_stratum3,8.932452853277601
553,2020-01-20,1,before,rg_stratum3,8.833652330854408
554,2020-01-21,1,before,rg_stratum3,8.478834743714511
555,2020-01-22,1,before,rg_stratum3,8.87047844353719
556,2020-01-23,1,before,rg_stratum3,8.867884403894998
557,2020-01-24,1,before,rg_stratum3,8.812165970281065
558,2020-01-25,0,before,rg_stratum3,8.608734483097306
559,2020-01-26,0,before,rg_stratum3,8.90162511984659
560,2020-01-27,1,before,rg_stratum3,8.865388266788454
561,2020-01-28,1,before,rg_stratum3,8.839772480352295
562,2020-01-29,1,before,rg_stratum3,8.867005996891637
563,2020-01-30,1,before,rg_stratum3,8.841590151900627
564,2020-01-31,1,before,rg_stratum3,8.779592079323118
565,2020-02-01,0,before,rg_stratum3,8.518702034784146
566,2020-02-02,0,before,rg_stratum3,8.90395990608492
567,2020-02-03,1,before,rg_stratum3,8.800636808939469
568,2020-02-04,1,before,rg_stratum3,8.841751190577936
569,2020-02-05,1,before,rg_stratum3,8.815029108644433
570,2020-02-06,1,before,rg_stratum3,8.782854663891042
571,2020-02-07,1,before,rg_stratum3,8.789805866125626
572,2020-02-08,0,before,rg_stratum3,8.559660404113046
573,2020-02-09,0,before,rg_stratum3,8.900899274882137
574,2020-02-10,1,before,rg_stratum3,8.832538703855537
575,2020-02-11,1,before,rg_stratum3,8.827788755507804
576,2020-02-12,1,before,rg_stratum3,8.822741497189899
577,2020-02-13,1,before,rg_stratum3,8.814722996387111
578,2020-02-14,1,before,rg_stratum3,8.77443027477676
579,2020-02-15,0,before,rg_stratum3,8.57878969475913
580,2020-02-16,0,before,rg_stratum3,8.897669724440561
581,2020-02-17,1,before,rg_stratum3,8.86283835486742
582,2020-02-18,1,before,rg_stratum3,8.831587246711731
583,2020-02-19,1,before,rg_stratum3,8.823709390182469
584,2020-02-20,1,before,rg_stratum3,8.804219177334133
585,2020-02-21,1,before,rg_stratum3,8.717462491418017
586,2020-02-22,0,before,rg_stratum3,8.593838647956192
587,2020-02-23,0,before,rg_stratum3,9.02715486802913
588,2020-02-24,1,before,rg_stratum3,8.87119063450544
589,2020-02-25,1,before,rg_stratum3,8.840689314529763
590,2020-02-26,1,before,rg_stratum3,8.763741528569897
591,2020-02-27,1,before,rg_stratum3,8.80449455305407
592,2020-02-28,1,before,rg_stratum3,8.754862298119454
593,2020-02-29,0,before,rg_stratum3,8.527993216816792
594,2020-03-01,0,before,rg_stratum3,8.908323269549758
595,2020-03-02,1,before,rg_stratum3,8.784431645234497
596,2020-03-03,1,before,rg_stratum3,8.786255293647155
597,2020-03-04,1,before,rg_stratum3,8.779526270881266
598,2020-03-05,1,before,rg_stratum3,8.802823386705384
599,2020-03-06,1,before,rg_stratum3,8.681292681088026
600,2020-03-07,0,before,rg_stratum3,8.574760055638391
601,2020-03-08,0,before,rg_stratum3,8.909259977936273
602,2020-03-11,1,before,rg_stratum3,8.76623372785247
603,2020-03-14,0,before,rg_stratum3,8.577154227126902
604,2020-03-15,0,before,rg_stratum3,8.961045882148683
605,2020-03-16,1,before,rg_stratum3,8.822594723162057
606,2020-03-17,1,before,rg_stratum3,8.803843568817273
607,2020-03-18,1,before,rg_stratum3,8.813961083589172
608,2020-03-19,1,before,rg_stratum3,8.685523521372893
609,2020-03-20,1,before,rg_stratum3,8.51977562840498
610,2020-03-21,0,before,rg_stratum3,8.371511102749144
611,2020-03-22,0,before,rg_stratum3,8.439982144507042
612,2020-03-23,1,before,rg_stratum3,8.596446836630587
613,2020-03-24,1,after,rg_stratum3,8.272623749416205
614,2020-03-25,1,after,rg_stratum3,8.342156724319336
615,2020-03-26,1,after,rg_stratum3,8.281097344690746
616,2020-03-27,1,after,rg_stratum3,8.272317209225736
617,2020-03-28,0,after,rg_stratum3,8.094191258142716
618,2020-03-29,0,after,rg_stratum3,8.485604404031005
619,2020-03-30,1,after,rg_stratum3,8.239878711207997
620,2020-03-31,1,after,rg_stratum3,8.280466044271217
621,2020-04-01,1,after,rg_stratum3,8.116914514162595
622,2020-04-02,1,after,rg_stratum3,8.1976668198955
623,2020-04-03,1,after,rg_stratum3,8.113708612713172
624,2020-04-04,0,after,rg_stratum3,8.167077407247062
625,2020-04-05,0,after,rg_stratum3,8.415635984408933
626,2020-04-06,1,after,rg_stratum3,8.248775592187894
627,2020-04-07,1,after,rg_stratum3,8.225562004465925
628,2020-04-08,1,after,rg_stratum3,8.2356394701075
629,2020-04-09,1,after,rg_stratum3,8.351120216130067
630,2020-04-11,0,after,rg_stratum3,8.291605123773497
631,2020-04-12,0,after,rg_stratum3,8.441692934914828
632,2020-04-13,1,after,rg_stratum3,8.309443915632228
633,2020-04-14,1,after,rg_stratum3,8.278508592259843
634,2020-04-15,1,after,rg_stratum3,8.37804586410769
635,2020-04-16,1,after,rg_stratum3,8.345189464988813
636,2020-04-17,1,after,rg_stratum3,8.406164849034747
637,2020-04-18,0,after,rg_stratum3,8.301885426955067
638,2020-04-19,0,after,rg_stratum3,8.494259714024041
639,2020-04-20,1,after,rg_stratum3,8.446589766804562
640,2020-04-21,1,after,rg_stratum3,8.418614517185155
641,2020-04-22,1,after,rg_stratum3,8.404966695435903
642,2020-04-23,1,after,rg_stratum3,8.493698159449346
643,2020-04-24,1,after,rg_stratum3,8.509441032709006
644,2020-04-25,0,after,rg_stratum3,8.398261798627932
645,2020-04-26,0,after,rg_stratum3,8.489249157933516
646,2020-04-28,1,after,rg_stratum3,8.565129951067766
647,2020-04-29,1,after,rg_stratum3,8.58032035122166
648,2020-04-30,1,after,rg_stratum3,8.548206761169036
649,2020-05-02,0,after,rg_stratum3,8.473273128478905
650,2020-05-03,0,after,rg_stratum3,8.686354774107777
651,2020-05-04,1,after,rg_stratum3,8.580383399597197
652,2020-05-05,1,after,rg_stratum3,8.595335898765693
653,2020-05-06,1,after,rg_stratum3,8.602859473364035
654,2020-05-07,1,after,rg_stratum3,8.609415335036584
655,2020-05-08,1,after,rg_stratum3,8.641053957346369
656,2020-05-09,0,after,rg_stratum3,8.625941273802674
657,2020-05-10,0,after,rg_stratum3,8.78041383927121
658,2020-05-11,1,after,rg_stratum3,8.69132933432259
659,2020-05-12,1,after,rg_stratum3,8.744146529478735
660,2020-05-13,1,after,rg_stratum3,8.707272476693513
661,2020-05-14,1,after,rg_stratum3,8.78781949135729
662,2020-05-15,1,after,rg_stratum3,8.728198748997569
663,2020-05-16,0,after,rg_stratum3,8.630877849700509
664,2020-05-17,0,after,rg_stratum3,8.78758182728683
665,2020-05-18,1,after,rg_stratum3,8.76754317812693
666,2020-05-19,1,after,rg_stratum3,8.784890966879606
667,2020-05-20,1,after,rg_stratum3,8.751527888277012
668,2020-05-21,1,after,rg_stratum3,8.774594600004711
669,2020-05-22,1,after,rg_stratum3,8.775061752817038
670,2020-05-23,0,after,rg_stratum3,8.612360803488226
671,2020-05-24,0,after,rg_stratum3,8.764910945341756
672,2020-05-26,1,after,rg_stratum3,8.771808419576463
673,2020-05-27,1,after,rg_stratum3,8.766596281960178
674,2020-05-28,1,after,rg_stratum3,8.763150127394852
675,2020-05-29,1,after,rg_stratum3,8.730127698834949
676,2020-05-30,0,after,rg_stratum3,8.64598101376046
677,2020-05-31,0,after,rg_stratum3,8.946034863874205
678,2020-06-01,1,after,rg_stratum3,8.722585870209839
679,2020-06-04,1,after,rg_stratum3,8.74279906463619
680,2020-06-05,1,after,rg_stratum3,8.753670417817498
681,2020-06-08,1,after,rg_stratum3,8.76335556660275
682,2020-06-09,1,after,rg_stratum3,8.762443361461576
683,2020-06-10,1,after,rg_stratum3,8.803714310212184
684,2020-06-11,1,after,rg_stratum3,8.801987911982383
685,2020-06-12,1,after,rg_stratum3,8.749116798785895
686,2020-06-13,0,after,rg_stratum3,8.612973680074898
687,2020-06-14,0,after,rg_stratum3,8.698141743649197
688,2020-06-16,1,after,rg_stratum3,8.804555089324495
689,2020-06-17,1,after,rg_stratum3,8.744792461807096
690,2020-06-18,1,after,rg_stratum3,8.76627266302903
691,2020-06-19,1,after,rg_stratum3,8.709821440697885
692,2020-06-20,0,after,rg_stratum3,8.660761735363808
693,2020-06-21,0,after,rg_stratum3,8.70795658241857
694,2020-06-23,1,after,rg_stratum3,8.790430090040159
695,2020-06-24,1,after,rg_stratum3,8.762869815056863
696,2020-06-25,1,after,rg_stratum3,8.798049957730285
697,2020-06-26,1,after,rg_stratum3,8.764592806529466
698,2020-06-27,0,after,rg_stratum3,8.628547164248877
699,2020-06-28,0,after,rg_stratum3,8.733324509310238
700,2020-06-30,1,after,rg_stratum3,8.785293574567069
701,2020-07-01,1,after,rg_stratum3,8.725070358579982
702,2020-07-02,1,after,rg_stratum3,8.745867615800107
703,2020-07-03,1,after,rg_stratum3,8.736556703184723
704,2020-07-04,0,after,rg_stratum3,8.650413256036522
705,2020-07-05,0,after,rg_stratum3,8.952496373243719
706,2020-07-06,1,after,rg_stratum3,8.751672979699118
707,2020-07-07,1,after,rg_stratum3,8.77152389139672
708,2020-07-08,1,after,rg_stratum3,8.765223381915497
709,2020-07-09,1,after,rg_stratum3,8.769424361642034
710,2020-07-10,1,after,rg_stratum3,8.735283504800279
711,2020-07-11,0,after,rg_stratum3,8.646267833481424
712,2020-07-12,0,after,rg_stratum3,8.909757397716248
713,2020-07-13,1,after,rg_stratum3,8.792539596656061
714,2020-07-14,1,after,rg_stratum3,8.823823512584328
715,2020-07-15,1,after,rg_stratum3,8.824519562772487
716,2020-07-16,1,after,rg_stratum3,8.801784617354572
717,2020-07-17,1,after,rg_stratum3,8.756689545801592
718,2020-07-18,0,after,rg_stratum3,8.683633703948365
719,2020-07-19,0,after,rg_stratum3,8.80478786783902
720,2020-07-21,1,after,rg_stratum3,8.84708564213112
721,2020-07-22,1,after,rg_stratum3,8.775971545951725
722,2020-07-23,1,after,rg_stratum3,8.843903204091049
723,2020-07-24,1,after,rg_stratum3,8.808908339012582
724,2020-07-25,0,after,rg_stratum3,8.726823669247935
725,2020-07-26,0,after,rg_stratum3,8.923034368155774
726,2020-07-27,1,after,rg_stratum3,8.821510372290945
727,2020-07-28,1,after,rg_stratum3,8.839590397602604
728,2020-07-29,1,after,rg_stratum3,8.803413344678116
729,2020-07-30,1,after,rg_stratum3,8.751591321394494
730,2020-07-31,1,after,rg_stratum3,8.735689219530087
731,2020-08-01,0,after,rg_stratum3,8.553245038506631
732,2020-08-02,0,after,rg_stratum3,8.71692570435084
733,2020-08-03,1,after,rg_stratum3,8.699739856391409
734,2020-08-04,1,after,rg_stratum3,8.662799786167248
735,2020-08-05,1,after,rg_stratum3,8.663123566483177
736,2020-08-06,1,after,rg_stratum3,8.679377997582739
737,2020-08-08,0,after,rg_stratum3,8.528829723086877
738,2020-08-09,0,after,rg_stratum3,8.809944593194224
739,2020-08-10,1,after,rg_stratum3,8.710009571316602
740,2020-08-11,1,after,rg_stratum3,8.65311975395882
741,2020-08-12,1,after,rg_stratum3,8.712134983992277
742,2020-08-13,1,after,rg_stratum3,8.684049171591115
743,2020-08-14,1,after,rg_stratum3,8.658849712836972
744,2020-08-15,0,after,rg_stratum3,8.548352975623063
745,2020-08-16,0,after,rg_stratum3,8.800167546125692
746,2020-08-18,1,after,rg_stratum3,8.737927618763896
747,2020-08-19,1,after,rg_stratum3,8.740320995678262
748,2020-08-20,1,after,rg_stratum3,8.769863810193577
749,2020-08-21,1,after,rg_stratum3,8.734420205409027
750,2020-08-22,0,after,rg_stratum3,8.660540802234632
751,2020-08-23,0,after,rg_stratum3,9.013085138684332
752,2020-08-24,1,after,rg_stratum3,8.670627997105077
753,2020-08-25,1,after,rg_stratum3,8.740372537181248
754,2020-08-26,1,after,rg_stratum3,8.719504625014936
755,2020-08-27,1,after,rg_stratum3,8.69642820111975
756,2020-08-28,1,after,rg_stratum3,8.714022789286545
757,2020-08-29,0,after,rg_stratum3,8.556574032953835
758,2020-08-30,0,after,rg_stratum3,8.916521591880358
759,2020-08-31,1,after,rg_stratum3,8.743112607633757
760,2020-09-01,1,after,rg_stratum3,8.765991496175511
761,2020-09-02,1,after,rg_stratum3,8.669730177382137
762,2020-09-03,1,after,rg_stratum3,8.676245535798273
763,2020-09-04,1,after,rg_stratum3,8.617559757041061
764,2020-09-05,0,after,rg_stratum3,8.553943767527407
765,2020-09-06,0,after,rg_stratum3,8.915841600918993
766,2020-09-07,1,after,rg_stratum3,8.802950749587366
767,2020-09-08,1,after,rg_stratum3,8.7540809522205
768,2020-09-09,1,after,rg_stratum3,8.589992655889255
769,2020-09-10,1,after,rg_stratum3,8.403960068648042
770,2020-09-11,1,after,rg_stratum3,8.527373908531922
771,2020-09-12,0,after,rg_stratum3,8.438443347053456
772,2020-09-13,0,after,rg_stratum3,8.769783436870771
773,2020-09-14,1,after,rg_stratum3,8.637646248701953
774,2020-09-15,1,after,rg_stratum3,8.687372164946307
775,2020-09-16,1,after,rg_stratum3,8.63493752233631
776,2020-09-17,1,after,rg_stratum3,8.67270800160005
777,2020-09-18,1,after,rg_stratum3,8.602808188008227
778,2020-09-19,0,after,rg_stratum3,8.484709358857765
779,2020-09-20,0,after,rg_stratum3,8.898296701327387
780,2020-09-21,1,after,rg_stratum3,8.601256177173289
781,2020-09-22,1,after,rg_stratum3,8.755207569847409
782,2020-09-23,1,after,rg_stratum3,8.666623121877135
783,2020-09-24,1,after,rg_stratum3,8.685000334962462
784,2020-09-25,1,after,rg_stratum3,8.635186026955932
785,2020-09-26,0,after,rg_stratum3,8.455592047131738
786,2020-09-27,0,after,rg_stratum3,8.932475023144338
787,2020-09-28,1,after,rg_stratum3,8.652736932620414
788,2020-09-29,1,after,rg_stratum3,8.640906643393464
789,2020-09-30,1,after,rg_stratum3,8.636141071865644
790,2020-10-01,1,after,rg_stratum3,8.600909161565319
791,2020-10-02,1,after,rg_stratum3,8.544832987908205
792,2020-10-03,0,after,rg_stratum3,8.43262673419914
793,2020-10-04,0,after,rg_stratum3,8.948448812125417
794,2020-10-05,1,after,rg_stratum3,8.639880629373904
795,2020-10-06,1,after,rg_stratum3,8.591278607058722
796,2020-10-07,1,after,rg_stratum3,8.618065351637558
797,2020-10-08,1,after,rg_stratum3,8.58073231876829
798,2020-10-09,1,after,rg_stratum3,8.555430267559398
799,2020-10-10,0,after,rg_stratum3,8.390938020852776
800,2020-10-11,0,after,rg_stratum3,8.66773035669928
801,2020-01-01,1,before,rg_stratum4,10.424407196826781
802,2020-01-02,1,before,rg_stratum4,8.570114859189205
803,2020-01-03,1,before,rg_stratum4,8.42250479339345
804,2020-01-04,0,before,rg_stratum4,8.590275275960705
805,2020-01-05,0,before,rg_stratum4,9.190838670066164
806,2020-01-06,1,before,rg_stratum4,9.324178578172354
807,2020-01-07,1,before,rg_stratum4,8.42529328561372
808,2020-01-08,1,before,rg_stratum4,8.4048249004469
809,2020-01-09,1,before,rg_stratum4,8.381875724483828
810,2020-01-10,1,before,rg_stratum4,8.337287194350463
811,2020-01-11,0,before,rg_stratum4,8.432496760839879
812,2020-01-12,0,before,rg_stratum4,9.2317873002217
813,2020-01-13,1,before,rg_stratum4,8.450510829142162
814,2020-01-14,1,before,rg_stratum4,8.413958976618956
815,2020-01-15,1,before,rg_stratum4,8.424321121021189
816,2020-01-16,1,before,rg_stratum4,8.379645308435572
817,2020-01-17,1,before,rg_stratum4,8.36890229458712
818,2020-01-18,0,before,rg_stratum4,8.330640611024341
819,2020-01-19,0,before,rg_stratum4,9.260544467668025
820,2020-01-20,1,before,rg_stratum4,8.490409581955667
821,2020-01-21,1,before,rg_stratum4,8.161581608647143
822,2020-01-22,1,before,rg_stratum4,8.456695768729817
823,2020-01-23,1,before,rg_stratum4,8.488355899723878
824,2020-01-24,1,before,rg_stratum4,8.421179061437533
825,2020-01-25,0,before,rg_stratum4,8.33693563715512
826,2020-01-26,0,before,rg_stratum4,9.234855277466087
827,2020-01-27,1,before,rg_stratum4,8.509518972652574
828,2020-01-28,1,before,rg_stratum4,8.493674301758684
829,2020-01-29,1,before,rg_stratum4,8.480214995591744
830,2020-01-30,1,before,rg_stratum4,8.477085860304994
831,2020-01-31,1,before,rg_stratum4,8.431267026656398
832,2020-02-01,0,before,rg_stratum4,8.288778337115193
833,2020-02-02,0,before,rg_stratum4,9.207135239055534
834,2020-02-03,1,before,rg_stratum4,8.504356985626345
835,2020-02-04,1,before,rg_stratum4,8.472893261455651
836,2020-02-05,1,before,rg_stratum4,8.477343043121364
837,2020-02-06,1,before,rg_stratum4,8.417536912245295
838,2020-02-07,1,before,rg_stratum4,8.41969593681537
839,2020-02-08,0,before,rg_stratum4,8.302436273643357
840,2020-02-09,0,before,rg_stratum4,9.211590131675022
841,2020-02-10,1,before,rg_stratum4,8.509566956326713
842,2020-02-11,1,before,rg_stratum4,8.485047154928768
843,2020-02-12,1,before,rg_stratum4,8.50029865805391
844,2020-02-13,1,before,rg_stratum4,8.46556771739196
845,2020-02-14,1,before,rg_stratum4,8.324300238482477
846,2020-02-15,0,before,rg_stratum4,8.295862420692776
847,2020-02-16,0,before,rg_stratum4,9.159098426953275
848,2020-02-17,1,before,rg_stratum4,8.532696808679832
849,2020-02-18,1,before,rg_stratum4,8.455003906887208
850,2020-02-19,1,before,rg_stratum4,8.475735751775847
851,2020-02-20,1,before,rg_stratum4,8.435041668570753
852,2020-02-21,1,before,rg_stratum4,8.324357261964694
853,2020-02-22,0,before,rg_stratum4,8.33944259881401
854,2020-02-23,0,before,rg_stratum4,9.332786916822998
855,2020-02-24,1,before,rg_stratum4,8.531635857810201
856,2020-02-25,1,before,rg_stratum4,8.481836010325255
857,2020-02-26,1,before,rg_stratum4,8.41670956165078
858,2020-02-27,1,before,rg_stratum4,8.470398199081089
859,2020-02-28,1,before,rg_stratum4,8.402790864359147
860,2020-02-29,0,before,rg_stratum4,8.282787141751946
861,2020-03-01,0,before,rg_stratum4,9.158450047453044
862,2020-03-02,1,before,rg_stratum4,8.493807192700347
863,2020-03-03,1,before,rg_stratum4,8.466197912533351
864,2020-03-04,1,before,rg_stratum4,8.458375163745146
865,2020-03-05,1,before,rg_stratum4,8.444064157835829
866,2020-03-06,1,before,rg_stratum4,8.413244181881415
867,2020-03-07,0,before,rg_stratum4,8.289994296643265
868,2020-03-08,0,before,rg_stratum4,9.199018950638761
869,2020-03-11,1,before,rg_stratum4,8.475903948722715
870,2020-03-14,0,before,rg_stratum4,8.400856177907555
871,2020-03-15,0,before,rg_stratum4,9.352412260593015
872,2020-03-16,1,before,rg_stratum4,8.61676805118478
873,2020-03-17,1,before,rg_stratum4,8.603304614655132
874,2020-03-18,1,before,rg_stratum4,8.642958593741486
875,2020-03-19,1,before,rg_stratum4,8.571594905616736
876,2020-03-20,1,before,rg_stratum4,9.213774880269037
877,2020-03-21,0,before,rg_stratum4,9.556536004886278
878,2020-03-22,0,before,rg_stratum4,10.095106423956238
879,2020-03-23,1,before,rg_stratum4,9.99156377665488
880,2020-03-24,1,after,rg_stratum4,8.760868044658926
881,2020-03-25,1,after,rg_stratum4,9.091718623314964
882,2020-03-26,1,after,rg_stratum4,9.080176864776183
883,2020-03-27,1,after,rg_stratum4,9.09091132130163
884,2020-03-28,0,after,rg_stratum4,9.418440547995042
885,2020-03-29,0,after,rg_stratum4,10.265982259463728
886,2020-03-30,1,after,rg_stratum4,9.10494502442643
887,2020-03-31,1,after,rg_stratum4,9.058446862812739
888,2020-04-01,1,after,rg_stratum4,8.997400526670114
889,2020-04-02,1,after,rg_stratum4,9.051681301044932
890,2020-04-03,1,after,rg_stratum4,8.910723059492655
891,2020-04-04,0,after,rg_stratum4,9.439978046389522
892,2020-04-05,0,after,rg_stratum4,10.213124841924238
893,2020-04-06,1,after,rg_stratum4,9.008059129404828
894,2020-04-07,1,after,rg_stratum4,9.003726468702487
895,2020-04-08,1,after,rg_stratum4,9.02603068621715
896,2020-04-09,1,after,rg_stratum4,10.056898129918462
897,2020-04-11,0,after,rg_stratum4,9.595792072976227
898,2020-04-12,0,after,rg_stratum4,10.33582033572547
899,2020-04-13,1,after,rg_stratum4,9.006643057172216
900,2020-04-14,1,after,rg_stratum4,8.940237231182321
901,2020-04-15,1,after,rg_stratum4,9.002749300980959
902,2020-04-16,1,after,rg_stratum4,9.032765451501373
903,2020-04-17,1,after,rg_stratum4,8.924765005205247
904,2020-04-18,0,after,rg_stratum4,9.296063875552997
905,2020-04-19,0,after,rg_stratum4,10.126335584032683
906,2020-04-20,1,after,rg_stratum4,9.105151595937638
907,2020-04-21,1,after,rg_stratum4,8.99558187231073
908,2020-04-22,1,after,rg_stratum4,9.028815262199712
909,2020-04-23,1,after,rg_stratum4,9.064370418896825
910,2020-04-24,1,after,rg_stratum4,9.027263670030798
911,2020-04-25,0,after,rg_stratum4,9.335580286738969
912,2020-04-26,0,after,rg_stratum4,10.24103352682567
913,2020-04-28,1,after,rg_stratum4,8.998351134973646
914,2020-04-29,1,after,rg_stratum4,9.092211059260169
915,2020-04-30,1,after,rg_stratum4,9.049594470907252
916,2020-05-02,0,after,rg_stratum4,9.352344048588584
917,2020-05-03,0,after,rg_stratum4,9.981602394030986
918,2020-05-04,1,after,rg_stratum4,9.074241540786424
919,2020-05-05,1,after,rg_stratum4,8.90110052645003
920,2020-05-06,1,after,rg_stratum4,8.901564682164757
921,2020-05-07,1,after,rg_stratum4,8.9681398912818
922,2020-05-08,1,after,rg_stratum4,8.976313545508933
923,2020-05-09,0,after,rg_stratum4,9.311120669751878
924,2020-05-10,0,after,rg_stratum4,10.267382046696708
925,2020-05-11,1,after,rg_stratum4,9.096058768926676
926,2020-05-12,1,after,rg_stratum4,9.008911053279977
927,2020-05-13,1,after,rg_stratum4,9.022136901521437
928,2020-05-14,1,after,rg_stratum4,9.062988425954485
929,2020-05-15,1,after,rg_stratum4,8.99717754662313
930,2020-05-16,0,after,rg_stratum4,9.193944740696715
931,2020-05-17,0,after,rg_stratum4,10.159778849604326
932,2020-05-18,1,after,rg_stratum4,9.045574798037187
933,2020-05-19,1,after,rg_stratum4,9.113968257679188
934,2020-05-20,1,after,rg_stratum4,9.01744738008083
935,2020-05-21,1,after,rg_stratum4,9.03148629542697
936,2020-05-22,1,after,rg_stratum4,9.01881479762226
937,2020-05-23,0,after,rg_stratum4,9.148531687493154
938,2020-05-24,0,after,rg_stratum4,9.991235239748333
939,2020-05-26,1,after,rg_stratum4,9.076842842532503
940,2020-05-27,1,after,rg_stratum4,8.984538727453037
941,2020-05-28,1,after,rg_stratum4,8.913365066320232
942,2020-05-29,1,after,rg_stratum4,8.976532905677717
943,2020-05-30,0,after,rg_stratum4,9.155578568594857
944,2020-05-31,0,after,rg_stratum4,10.078806874200463
945,2020-06-01,1,after,rg_stratum4,9.010192106167157
946,2020-06-04,1,after,rg_stratum4,8.991920211029186
947,2020-06-05,1,after,rg_stratum4,8.991814947419538
948,2020-06-08,1,after,rg_stratum4,9.020957259830215
949,2020-06-09,1,after,rg_stratum4,8.987798306132818
950,2020-06-10,1,after,rg_stratum4,8.960921000182362
951,2020-06-11,1,after,rg_stratum4,9.041722042110026
952,2020-06-12,1,after,rg_stratum4,8.982933701312485
953,2020-06-13,0,after,rg_stratum4,9.0300118450089
954,2020-06-14,0,after,rg_stratum4,9.853036752906322
955,2020-06-16,1,after,rg_stratum4,8.953659179108385
956,2020-06-17,1,after,rg_stratum4,8.895497528734523
957,2020-06-18,1,after,rg_stratum4,8.870720898508399
958,2020-06-19,1,after,rg_stratum4,8.837220841957823
959,2020-06-20,0,after,rg_stratum4,9.067145379254852
960,2020-06-21,0,after,rg_stratum4,9.801048908013104
961,2020-06-23,1,after,rg_stratum4,8.955338331350584
962,2020-06-24,1,after,rg_stratum4,8.836426017315286
963,2020-06-25,1,after,rg_stratum4,8.843190431871784
964,2020-06-26,1,after,rg_stratum4,8.76462620304484
965,2020-06-27,0,after,rg_stratum4,8.996042014111042
966,2020-06-28,0,after,rg_stratum4,9.750104906870787
967,2020-06-30,1,after,rg_stratum4,8.863073700587389
968,2020-07-01,1,after,rg_stratum4,8.772757827710281
969,2020-07-02,1,after,rg_stratum4,8.796642740623676
970,2020-07-03,1,after,rg_stratum4,8.746017305291033
971,2020-07-04,0,after,rg_stratum4,9.014432832445763
972,2020-07-05,0,after,rg_stratum4,10.023521651781031
973,2020-07-06,1,after,rg_stratum4,8.845450251487295
974,2020-07-07,1,after,rg_stratum4,8.871150984715925
975,2020-07-08,1,after,rg_stratum4,8.849186061622715
976,2020-07-09,1,after,rg_stratum4,8.870086413627893
977,2020-07-10,1,after,rg_stratum4,8.682944644059829
978,2020-07-11,0,after,rg_stratum4,9.056965125918364
979,2020-07-12,0,after,rg_stratum4,10.05236566079965
980,2020-07-13,1,after,rg_stratum4,8.84116882306548
981,2020-07-14,1,after,rg_stratum4,8.821846972735791
982,2020-07-15,1,after,rg_stratum4,8.829958501678703
983,2020-07-16,1,after,rg_stratum4,8.805318576935667
984,2020-07-17,1,after,rg_stratum4,8.803922313743618
985,2020-07-18,0,after,rg_stratum4,8.91729961927138
986,2020-07-19,0,after,rg_stratum4,9.62381321842603
987,2020-07-21,1,after,rg_stratum4,8.92831332637908
988,2020-07-22,1,after,rg_stratum4,8.883853322112282
989,2020-07-23,1,after,rg_stratum4,8.782187548448753
990,2020-07-24,1,after,rg_stratum4,8.784311007897395
991,2020-07-25,0,after,rg_stratum4,8.919399639227686
992,2020-07-26,0,after,rg_stratum4,9.748339145956825
993,2020-07-27,1,after,rg_stratum4,8.842532637244846
994,2020-07-28,1,after,rg_stratum4,8.822567698179157
995,2020-07-29,1,after,rg_stratum4,8.777825381911292
996,2020-07-30,1,after,rg_stratum4,8.762752487796268
997,2020-07-31,1,after,rg_stratum4,8.98715364777504
998,2020-08-01,0,after,rg_stratum4,9.221389231081822
999,2020-08-02,0,after,rg_stratum4,10.145689136815957
1000,2020-08-03,1,after,rg_stratum4,8.996043791743315
1001,2020-08-04,1,after,rg_stratum4,9.011902641663946
1002,2020-08-05,1,after,rg_stratum4,8.951138820817535
1003,2020-08-06,1,after,rg_stratum4,8.945048009590874
1004,2020-08-08,0,after,rg_stratum4,9.246263966996729
1005,2020-08-09,0,after,rg_stratum4,10.2490698040686
1006,2020-08-10,1,after,rg_stratum4,9.06054568908802
1007,2020-08-11,1,after,rg_stratum4,8.960888679807843
1008,2020-08-12,1,after,rg_stratum4,8.979107087139093
1009,2020-08-13,1,after,rg_stratum4,8.919655528992106
1010,2020-08-14,1,after,rg_stratum4,8.861188759566216
1011,2020-08-15,0,after,rg_stratum4,8.929258445647072
1012,2020-08-16,0,after,rg_stratum4,9.871931417810426
1013,2020-08-18,1,after,rg_stratum4,8.797052379769294
1014,2020-08-19,1,after,rg_stratum4,8.75860241272921
1015,2020-08-20,1,after,rg_stratum4,8.82444960585889
1016,2020-08-21,1,after,rg_stratum4,8.763979072712335
1017,2020-08-22,0,after,rg_stratum4,8.99913776620026
1018,2020-08-23,0,after,rg_stratum4,10.139633483737796
1019,2020-08-24,1,after,rg_stratum4,8.819884351627858
1020,2020-08-25,1,after,rg_stratum4,8.784508806950173
1021,2020-08-26,1,after,rg_stratum4,8.78625403792383
1022,2020-08-27,1,after,rg_stratum4,8.74518862969009
1023,2020-08-28,1,after,rg_stratum4,8.725602996917535
1024,2020-08-29,0,after,rg_stratum4,8.917546419532508
1025,2020-08-30,0,after,rg_stratum4,10.007273037395159
1026,2020-08-31,1,after,rg_stratum4,8.854859632694254
1027,2020-09-01,1,after,rg_stratum4,8.859647880502862
1028,2020-09-02,1,after,rg_stratum4,8.754756465181808
1029,2020-09-03,1,after,rg_stratum4,8.737390981143344
1030,2020-09-04,1,after,rg_stratum4,8.702483336874659
1031,2020-09-05,0,after,rg_stratum4,8.921016822877247
1032,2020-09-06,0,after,rg_stratum4,9.978177377186032
1033,2020-09-07,1,after,rg_stratum4,8.866312340668967
1034,2020-09-08,1,after,rg_stratum4,8.722306830836478
1035,2020-09-09,1,after,rg_stratum4,8.789697871420824
1036,2020-09-10,1,after,rg_stratum4,8.455242933355454
1037,2020-09-11,1,after,rg_stratum4,8.60055274420041
1038,2020-09-12,0,after,rg_stratum4,8.74816564762332
1039,2020-09-13,0,after,rg_stratum4,9.818027891957296
1040,2020-09-14,1,after,rg_stratum4,8.836297160161953
1041,2020-09-15,1,after,rg_stratum4,8.738082198584431
1042,2020-09-16,1,after,rg_stratum4,8.694154310556325
1043,2020-09-17,1,after,rg_stratum4,8.704799599147302
1044,2020-09-18,1,after,rg_stratum4,8.611863007017286
1045,2020-09-19,0,after,rg_stratum4,8.834092556379188
1046,2020-09-20,0,after,rg_stratum4,9.90648283630118
1047,2020-09-21,1,after,rg_stratum4,8.566867660288716
1048,2020-09-22,1,after,rg_stratum4,8.724890781772567
1049,2020-09-23,1,after,rg_stratum4,8.685615289537683
1050,2020-09-24,1,after,rg_stratum4,8.63967803266337
1051,2020-09-25,1,after,rg_stratum4,8.616552397120456
1052,2020-09-26,0,after,rg_stratum4,8.813531654576442
1053,2020-09-27,0,after,rg_stratum4,9.904232816860475
1054,2020-09-28,1,after,rg_stratum4,8.703572292647536
1055,2020-09-29,1,after,rg_stratum4,8.655385826054298
1056,2020-09-30,1,after,rg_stratum4,8.64375100937806
1057,2020-10-01,1,after,rg_stratum4,8.639737891973923
1058,2020-10-02,1,after,rg_stratum4,8.555566968638818
1059,2020-10-03,0,after,rg_stratum4,8.757048464500581
1060,2020-10-04,0,after,rg_stratum4,9.892547144362423
1061,2020-10-05,1,after,rg_stratum4,8.64129222296036
1062,2020-10-06,1,after,rg_stratum4,8.647534029114514
1063,2020-10-07,1,after,rg_stratum4,8.680418753198541
1064,2020-10-08,1,after,rg_stratum4,8.63964982020852
1065,2020-10-09,1,after,rg_stratum4,8.499564278942039
1066,2020-10-10,0,after,rg_stratum4,8.761972044468688
1067,2020-10-11,0,after,rg_stratum4,9.582353765356887
1068,2020-01-01,1,before,rg_stratum56,11.330132463213836
1069,2020-01-02,1,before,rg_stratum56,8.984134955740158
1070,2020-01-03,1,before,rg_stratum56,8.81581901267063
1071,2020-01-04,0,before,rg_stratum56,9.29472257616018
1072,2020-01-05,0,before,rg_stratum56,10.042673629151029
1073,2020-01-06,1,before,rg_stratum56,10.21349307287033
1074,2020-01-07,1,before,rg_stratum56,8.523531037960922
1075,2020-01-08,1,before,rg_stratum56,8.511620793994215
1076,2020-01-09,1,before,rg_stratum56,8.450489474173402
1077,2020-01-10,1,before,rg_stratum56,8.44329428303243
1078,2020-01-11,0,before,rg_stratum56,8.870217743959135
1079,2020-01-12,0,before,rg_stratum56,10.009968185996538
1080,2020-01-13,1,before,rg_stratum56,8.465864044900265
1081,2020-01-14,1,before,rg_stratum56,8.389051756064104
1082,2020-01-15,1,before,rg_stratum56,8.380795615035725
1083,2020-01-16,1,before,rg_stratum56,8.370294990289699
1084,2020-01-17,1,before,rg_stratum56,8.390684552187212
1085,2020-01-18,0,before,rg_stratum56,8.688229977307676
1086,2020-01-19,0,before,rg_stratum56,9.878010354412647
1087,2020-01-20,1,before,rg_stratum56,8.456228067366407
1088,2020-01-21,1,before,rg_stratum56,8.096411300790326
1089,2020-01-22,1,before,rg_stratum56,8.461943575412421
1090,2020-01-23,1,before,rg_stratum56,8.49698881462275
1091,2020-01-24,1,before,rg_stratum56,8.464053386863887
1092,2020-01-25,0,before,rg_stratum56,8.662627783586547
1093,2020-01-26,0,before,rg_stratum56,9.954900671341749
1094,2020-01-27,1,before,rg_stratum56,8.496591581046014
1095,2020-01-28,1,before,rg_stratum56,8.469243403441896
1096,2020-01-29,1,before,rg_stratum56,8.450766520736504
1097,2020-01-30,1,before,rg_stratum56,8.47521844456513
1098,2020-01-31,1,before,rg_stratum56,8.464779579560416
1099,2020-02-01,0,before,rg_stratum56,8.554732609822826
1100,2020-02-02,0,before,rg_stratum56,9.856641305599636
1101,2020-02-03,1,before,rg_stratum56,8.481391206192045
1102,2020-02-04,1,before,rg_stratum56,8.434859505187235
1103,2020-02-05,1,before,rg_stratum56,8.463597658821044
1104,2020-02-06,1,before,rg_stratum56,8.421495903869186
1105,2020-02-07,1,before,rg_stratum56,8.397595919462134
1106,2020-02-08,0,before,rg_stratum56,8.60168167066675
1107,2020-02-09,0,before,rg_stratum56,9.915080366896271
1108,2020-02-10,1,before,rg_stratum56,8.51929873653885
1109,2020-02-11,1,before,rg_stratum56,8.470357207265694
1110,2020-02-12,1,before,rg_stratum56,8.471235815101352
1111,2020-02-13,1,before,rg_stratum56,8.43451325081297
1112,2020-02-14,1,before,rg_stratum56,8.39464602946097
1113,2020-02-15,0,before,rg_stratum56,8.571124753206112
1114,2020-02-16,0,before,rg_stratum56,9.783182430921809
1115,2020-02-17,1,before,rg_stratum56,8.48799778811342
1116,2020-02-18,1,before,rg_stratum56,8.442285206934626
1117,2020-02-19,1,before,rg_stratum56,8.43912396247571
1118,2020-02-20,1,before,rg_stratum56,8.402384090451958
1119,2020-02-21,1,before,rg_stratum56,8.354388478198015
1120,2020-02-22,0,before,rg_stratum56,8.63663648112361
1121,2020-02-23,0,before,rg_stratum56,10.118960969096555
1122,2020-02-24,1,before,rg_stratum56,8.48941298177462
1123,2020-02-25,1,before,rg_stratum56,8.44229426672362
1124,2020-02-26,1,before,rg_stratum56,8.407528307865181
1125,2020-02-27,1,before,rg_stratum56,8.450356811875867
1126,2020-02-28,1,before,rg_stratum56,8.421814872889769
1127,2020-02-29,0,before,rg_stratum56,8.582742895223486
1128,2020-03-01,0,before,rg_stratum56,9.861231001443203
1129,2020-03-02,1,before,rg_stratum56,8.457721876185047
1130,2020-03-03,1,before,rg_stratum56,8.447249182446317
1131,2020-03-04,1,before,rg_stratum56,8.437797745637493
1132,2020-03-05,1,before,rg_stratum56,8.439734771870873
1133,2020-03-06,1,before,rg_stratum56,8.440077064665678
1134,2020-03-07,0,before,rg_stratum56,8.551674981554552
1135,2020-03-08,0,before,rg_stratum56,9.798893350705521
1136,2020-03-11,1,before,rg_stratum56,8.48441949041243
1137,2020-03-14,0,before,rg_stratum56,8.704493521822632
1138,2020-03-15,0,before,rg_stratum56,10.174365395863536
1139,2020-03-16,1,before,rg_stratum56,8.769395737074358
1140,2020-03-17,1,before,rg_stratum56,8.889479689121888
1141,2020-03-18,1,before,rg_stratum56,9.01399399119431
1142,2020-03-19,1,before,rg_stratum56,8.995177836039373
1143,2020-03-20,1,before,rg_stratum56,10.9690488302538
1144,2020-03-21,0,before,rg_stratum56,11.674474071366511
1145,2020-03-22,0,before,rg_stratum56,12.296119206911234
1146,2020-03-23,1,before,rg_stratum56,12.24151317563784
1147,2020-03-24,1,after,rg_stratum56,10.214165820899165
1148,2020-03-25,1,after,rg_stratum56,10.961010348492122
1149,2020-03-26,1,after,rg_stratum56,10.849014939033411
1150,2020-03-27,1,after,rg_stratum56,10.778195673434832
1151,2020-03-28,0,after,rg_stratum56,11.438797702665859
1152,2020-03-29,0,after,rg_stratum56,12.497041746325017
1153,2020-03-30,1,after,rg_stratum56,10.873422556456422
1154,2020-03-31,1,after,rg_stratum56,11.007406909417712
1155,2020-04-01,1,after,rg_stratum56,10.644034511784824
1156,2020-04-02,1,after,rg_stratum56,10.798171778785811
1157,2020-04-03,1,after,rg_stratum56,10.75179736924974
1158,2020-04-04,0,after,rg_stratum56,11.419576584349164
1159,2020-04-05,0,after,rg_stratum56,12.264332076817864
1160,2020-04-06,1,after,rg_stratum56,10.736482055293491
1161,2020-04-07,1,after,rg_stratum56,10.628832906546528
1162,2020-04-08,1,after,rg_stratum56,10.672219146181495
1163,2020-04-09,1,after,rg_stratum56,12.319589998994662
1164,2020-04-11,0,after,rg_stratum56,11.608207524303719
1165,2020-04-12,0,after,rg_stratum56,12.628400184550218
1166,2020-04-13,1,after,rg_stratum56,10.539977752291186
1167,2020-04-14,1,after,rg_stratum56,10.600673190771632
1168,2020-04-15,1,after,rg_stratum56,10.574229776739095
1169,2020-04-16,1,after,rg_stratum56,10.665141380844833
1170,2020-04-17,1,after,rg_stratum56,10.43132193485459
1171,2020-04-18,0,after,rg_stratum56,11.217020627116218
1172,2020-04-19,0,after,rg_stratum56,12.120638592095212
1173,2020-04-20,1,after,rg_stratum56,10.629567646822618
1174,2020-04-21,1,after,rg_stratum56,10.503332221291311
1175,2020-04-22,1,after,rg_stratum56,10.644236572338684
1176,2020-04-23,1,after,rg_stratum56,10.616019280379117
1177,2020-04-24,1,after,rg_stratum56,10.533883688660907
1178,2020-04-25,0,after,rg_stratum56,10.882583501494612
1179,2020-04-26,0,after,rg_stratum56,12.301431354119186
1180,2020-04-28,1,after,rg_stratum56,10.45898216308889
1181,2020-04-29,1,after,rg_stratum56,10.435116147349511
1182,2020-04-30,1,after,rg_stratum56,10.34311476510297
1183,2020-05-02,0,after,rg_stratum56,10.944535014814853
1184,2020-05-03,0,after,rg_stratum56,12.062950997433083
1185,2020-05-04,1,after,rg_stratum56,10.402512267480713
1186,2020-05-05,1,after,rg_stratum56,10.112655054813612
1187,2020-05-06,1,after,rg_stratum56,10.08426179611001
1188,2020-05-07,1,after,rg_stratum56,9.994301831336701
1189,2020-05-08,1,after,rg_stratum56,10.088091352056175
1190,2020-05-09,0,after,rg_stratum56,10.589600938908994
1191,2020-05-10,0,after,rg_stratum56,12.120064838275121
1192,2020-05-11,1,after,rg_stratum56,10.22731774930664
1193,2020-05-12,1,after,rg_stratum56,10.055149662236346
1194,2020-05-13,1,after,rg_stratum56,10.017679981092074
1195,2020-05-14,1,after,rg_stratum56,10.044815846211558
1196,2020-05-15,1,after,rg_stratum56,9.98931258384125
1197,2020-05-16,0,after,rg_stratum56,10.520044871892626
1198,2020-05-17,0,after,rg_stratum56,11.930438457587513
1199,2020-05-18,1,after,rg_stratum56,10.154971796198824
1200,2020-05-19,1,after,rg_stratum56,10.19197459109967
1201,2020-05-20,1,after,rg_stratum56,10.130048999560003
1202,2020-05-21,1,after,rg_stratum56,10.037885886090606
1203,2020-05-22,1,after,rg_stratum56,10.007278532385183
1204,2020-05-23,0,after,rg_stratum56,10.344178980845708
1205,2020-05-24,0,after,rg_stratum56,11.759682684434074
1206,2020-05-26,1,after,rg_stratum56,10.11685385673081
1207,2020-05-27,1,after,rg_stratum56,10.008065484565602
1208,2020-05-28,1,after,rg_stratum56,10.038712182886433
1209,2020-05-29,1,after,rg_stratum56,10.004209400363308
1210,2020-05-30,0,after,rg_stratum56,10.460800933384451
1211,2020-05-31,0,after,rg_stratum56,11.74349975048525
1212,2020-06-01,1,after,rg_stratum56,9.867673021056508
1213,2020-06-04,1,after,rg_stratum56,9.897682615730435
1214,2020-06-05,1,after,rg_stratum56,9.918827447664004
1215,2020-06-08,1,after,rg_stratum56,9.84504019575588
1216,2020-06-09,1,after,rg_stratum56,9.937530755872801
1217,2020-06-10,1,after,rg_stratum56,9.904234998066812
1218,2020-06-11,1,after,rg_stratum56,9.98831494830846
1219,2020-06-12,1,after,rg_stratum56,9.862424013965494
1220,2020-06-13,0,after,rg_stratum56,10.12150479043332
1221,2020-06-14,0,after,rg_stratum56,11.543893661299272
1222,2020-06-16,1,after,rg_stratum56,9.789239258698043
1223,2020-06-17,1,after,rg_stratum56,9.849855215276648
1224,2020-06-18,1,after,rg_stratum56,9.77158673058941
1225,2020-06-19,1,after,rg_stratum56,9.701466093588747
1226,2020-06-20,0,after,rg_stratum56,10.080464255744483
1227,2020-06-21,0,after,rg_stratum56,11.419408115232418
1228,2020-06-23,1,after,rg_stratum56,9.800467657222518
1229,2020-06-24,1,after,rg_stratum56,9.650841671057378
1230,2020-06-25,1,after,rg_stratum56,9.656756502048959
1231,2020-06-26,1,after,rg_stratum56,9.628696103327933
1232,2020-06-27,0,after,rg_stratum56,10.037870399609453
1233,2020-06-28,0,after,rg_stratum56,11.471009934940987
1234,2020-06-30,1,after,rg_stratum56,9.70222331282751
1235,2020-07-01,1,after,rg_stratum56,9.626126358795261
1236,2020-07-02,1,after,rg_stratum56,9.6983720706785
1237,2020-07-03,1,after,rg_stratum56,9.610657407535559
1238,2020-07-04,0,after,rg_stratum56,10.127050147490198
1239,2020-07-05,0,after,rg_stratum56,11.596365155695281
1240,2020-07-06,1,after,rg_stratum56,9.746435409648097
1241,2020-07-07,1,after,rg_stratum56,9.60565488842809
1242,2020-07-08,1,after,rg_stratum56,9.687235241173132
1243,2020-07-09,1,after,rg_stratum56,9.732792636964152
1244,2020-07-10,1,after,rg_stratum56,9.674969814818642
1245,2020-07-11,0,after,rg_stratum56,10.04883272962013
1246,2020-07-12,0,after,rg_stratum56,11.583817101072514
1247,2020-07-13,1,after,rg_stratum56,9.808474956994388
1248,2020-07-14,1,after,rg_stratum56,9.773556181030116
1249,2020-07-15,1,after,rg_stratum56,9.824574187714505
1250,2020-07-16,1,after,rg_stratum56,9.679040019708367
1251,2020-07-17,1,after,rg_stratum56,9.725826361484627
1252,2020-07-18,0,after,rg_stratum56,9.994224739529178
1253,2020-07-19,0,after,rg_stratum56,11.414688656633873
1254,2020-07-21,1,after,rg_stratum56,9.906734158413107
1255,2020-07-22,1,after,rg_stratum56,9.76857980878921
1256,2020-07-23,1,after,rg_stratum56,9.784100110054482
1257,2020-07-24,1,after,rg_stratum56,9.58510032552357
1258,2020-07-25,0,after,rg_stratum56,10.030819668852299
1259,2020-07-26,0,after,rg_stratum56,11.502851485501846
1260,2020-07-27,1,after,rg_stratum56,9.7132693817198
1261,2020-07-28,1,after,rg_stratum56,9.689872429708565
1262,2020-07-29,1,after,rg_stratum56,9.750818696062817
1263,2020-07-30,1,after,rg_stratum56,9.670739312358942
1264,2020-07-31,1,after,rg_stratum56,10.05098485361323
1265,2020-08-01,0,after,rg_stratum56,10.313762702301789
1266,2020-08-02,0,after,rg_stratum56,11.748626116416348
1267,2020-08-03,1,after,rg_stratum56,10.161437405834471
1268,2020-08-04,1,after,rg_stratum56,9.92127650549987
1269,2020-08-05,1,after,rg_stratum56,9.93180598950359
1270,2020-08-06,1,after,rg_stratum56,9.783251544406477
1271,2020-08-08,0,after,rg_stratum56,10.385238299003017
1272,2020-08-09,0,after,rg_stratum56,11.829663591174931
1273,2020-08-10,1,after,rg_stratum56,9.969836152122333
1274,2020-08-11,1,after,rg_stratum56,9.817293024977577
1275,2020-08-12,1,after,rg_stratum56,9.729545338046204
1276,2020-08-13,1,after,rg_stratum56,9.822723156483661
1277,2020-08-14,1,after,rg_stratum56,9.760849921278345
1278,2020-08-15,0,after,rg_stratum56,9.879427336902888
1279,2020-08-16,0,after,rg_stratum56,11.201987769414691
1280,2020-08-18,1,after,rg_stratum56,9.54474838871897
1281,2020-08-19,1,after,rg_stratum56,9.697744654375619
1282,2020-08-20,1,after,rg_stratum56,9.610216974273056
1283,2020-08-21,1,after,rg_stratum56,9.639077618509223
1284,2020-08-22,0,after,rg_stratum56,10.121552765932421
1285,2020-08-23,0,after,rg_stratum56,11.661696434627112
1286,2020-08-24,1,after,rg_stratum56,9.71600707137193
1287,2020-08-25,1,after,rg_stratum56,9.58999624220868
1288,2020-08-26,1,after,rg_stratum56,9.669868340495658
1289,2020-08-27,1,after,rg_stratum56,9.598479879001168
1290,2020-08-28,1,after,rg_stratum56,9.60301863470158
1291,2020-08-29,0,after,rg_stratum56,9.845451548101876
1292,2020-08-30,0,after,rg_stratum56,11.327019139553549
1293,2020-08-31,1,after,rg_stratum56,9.584262462261337
1294,2020-09-01,1,after,rg_stratum56,9.578875549728831
1295,2020-09-02,1,after,rg_stratum56,9.533421936364382
1296,2020-09-03,1,after,rg_stratum56,9.506135890976033
1297,2020-09-04,1,after,rg_stratum56,9.43622813768579
1298,2020-09-05,0,after,rg_stratum56,9.792972747846852
1299,2020-09-06,0,after,rg_stratum56,11.274464746262279
1300,2020-09-07,1,after,rg_stratum56,9.65624546127403
1301,2020-09-08,1,after,rg_stratum56,9.438751915591691
1302,2020-09-09,1,after,rg_stratum56,9.443036822336357
1303,2020-09-10,1,after,rg_stratum56,9.127513561895762
1304,2020-09-11,1,after,rg_stratum56,9.359823272453381
1305,2020-09-12,0,after,rg_stratum56,9.688338549700555
1306,2020-09-13,0,after,rg_stratum56,11.252877025428003
1307,2020-09-14,1,after,rg_stratum56,9.512217256791404
1308,2020-09-15,1,after,rg_stratum56,9.397522800020392
1309,2020-09-16,1,after,rg_stratum56,9.483982226282233
1310,2020-09-17,1,after,rg_stratum56,9.435347685206898
1311,2020-09-18,1,after,rg_stratum56,9.35546061049135
1312,2020-09-19,0,after,rg_stratum56,9.802739607857186
1313,2020-09-20,0,after,rg_stratum56,11.091733633643557
1314,2020-09-21,1,after,rg_stratum56,9.276375015382456
1315,2020-09-22,1,after,rg_stratum56,9.28700063406338
1316,2020-09-23,1,after,rg_stratum56,9.368592662290085
1317,2020-09-24,1,after,rg_stratum56,9.376956560268079
1318,2020-09-25,1,after,rg_stratum56,9.286323369648516
1319,2020-09-26,0,after,rg_stratum56,9.668343453201347
1320,2020-09-27,0,after,rg_stratum56,11.049091938875337
1321,2020-09-28,1,after,rg_stratum56,9.349467793513753
1322,2020-09-29,1,after,rg_stratum56,9.317149801599905
1323,2020-09-30,1,after,rg_stratum56,9.339691170838124
1324,2020-10-01,1,after,rg_stratum56,9.26240793715799
1325,2020-10-02,1,after,rg_stratum56,9.215592250001702
1326,2020-10-03,0,after,rg_stratum56,9.610804821014831
1327,2020-10-04,0,after,rg_stratum56,11.01523382353513
1328,2020-10-05,1,after,rg_stratum56,9.300067595803043
1329,2020-10-06,1,after,rg_stratum56,9.273984300405008
1330,2020-10-07,1,after,rg_stratum56,9.352288799270271
1331,2020-10-08,1,after,rg_stratum56,9.369669899528123
1332,2020-10-09,1,after,rg_stratum56,9.206227099613175
1333,2020-10-10,0,after,rg_stratum56,9.594219069882998
1334,2020-10-11,0,after,rg_stratum56,10.84981653388068
